date,price,market_cap,total_volume,daily_return,rolling_volatility_7d,running_peak,drawdown
2026-08-20 00:00:00,72660.83666004494,1458413290917.1519,727943315552.4421,,,72660.83666004494,0.0
2026-08-21 00:00:00,78447.00174629269,1574550407596.745,1557345382997.2908,0.07963251391281423,,78447.00174629269,0.0
2026-08-22 00:00:00,76998.18180233128,1545470392012.7646,1327823326023.7744,-0.018468773971082708,,78447.00174629269,-0.018468773971082708
2026-08-23 00:00:00,77588.632845203,1557321640747.8833,718484515912.822,0.0076683764350113925,,78447.00174629269,-0.010942023047174732
2026-08-24 00:00:00,78727.75628402238,1580434829430.7637,925962035877.6724,0.01468157637333345,,78727.75628402238,0.0
2026-08-25 00:00:00,78879.4177779762,1583517090358.5522,1222096926169.001,0.001926404372641688,,78879.4177779762,0.0
2026-08-26 00:00:00,78708.99798302965,1580129808945.1243,791412237968.2751,-0.0021605103048076835,,78879.4177779762,-0.0021605103048076835
2026-08-27 00:00:00,80297.0041788454,1612045385992.6423,730944050469.9607,0.020175662713405762,0.031206899320407298,80297.0041788454,0.0
2026-08-28 00:00:00,77738.78291524075,1560719721124.08,851060697145.6521,-0.03185948578986486,0.01842409781952243,80297.0041788454,-0.03185948578986486
2026-08-29 00:00:00,78221.78563841502,1570449481869.9675,633389486613.666,0.006213150052797989,0.0168515018910155,80297.0041788454,-0.02584428350288437
2026-08-30 00:00:00,78415.92036320959,1574385525438.6138,351257349029.60956,0.002481849822400628,0.016693398436448615,80297.0041788454,-0.023426575310905418
2026-08-31 00:00:00,78557.79779181909,1577272623088.0483,632866233450.2394,0.0018092936734319665,0.015696145568659305,80297.0041788454,-0.021659667191973653
2026-09-01 00:00:00,77240.801579754,1550863213950.759,705207182528.7151,-0.01676467835255735,0.016823099140509244,80297.0041788454,-0.03806122819083413
2026-09-02 00:00:00,77004.75414720885,1546151506857.855,706164061753.0537,-0.0030559940823687848,0.01682019066850805,80297.0041788454,-0.04100090738508411
2026-09-03 00:00:00,81142.27254272846,1629262506336.3384,713501233578.7893,0.053730687687282064,0.026513914194718845,81142.27254272846,0.0
2026-09-04 00:00:00,79648.8752251388,1599325758804.8455,985826224473.2557,-0.018404677004865144,0.024039917631944713,81142.27254272846,-0.018404677004865144
2026-09-05 00:00:00,79781.05895269189,1602016588301.6035,629156160663.9005,0.0016595805926882257,0.024022675807446877,81142.27254272846,-0.016775640456948904
2026-09-06 00:00:00,80046.70819196723,1607392652443.1055,466813404362.11,0.003329728168096402,0.024021382063867336,81142.27254272846,-0.013501770611419772
2026-09-07 00:00:00,78929.34832981802,1584989320686.1335,544063755466.2032,-0.013958848369748922,0.024895450855445686,81142.27254272846,-0.027272149812480828
2026-09-08 00:00:00,78548.73323714682,1577382984595.3557,702649686173.8679,-0.0048222252017176,0.02386847525527984,81142.27254272846,-0.03196286256606773
2026-09-09 00:00:00,77927.77053945823,1564946423106.6467,841093830411.0338,-0.007905445092460495,0.0241302877141093,81142.27254272846,-0.03961562700351429
2026-09-10 00:00:00,76817.93214328661,1542693664093.7249,798482265474.5394,-0.01424188563959572,0.00830774613222679,81142.27254272846,-0.053293311413785016
2026-09-11 00:00:00,77128.66953731132,1548967588836.8782,758135794671.3936,0.004045115318192849,0.007834931730985652,81142.27254272846,-0.04946377368594934
2026-09-12 00:00:00,77218.57922842517,1550812077387.6294,651871017151.3618,0.0011657103856868023,0.007771597171954921,81142.27254272846,-0.04835572373496355
2026-09-13 00:00:00,76682.56817293397,1540087178040.2974,367708059834.3222,-0.006941477826283071,0.0069446129909195254,81142.27254272846,-0.05496154137716647
2026-09-14 00:00:00,78539.73849882335,1577425173240.2761,562690478652.2871,0.024218937499603577,0.012504501087592036,81142.27254272846,-0.03207371401305836
2026-09-15 00:00:00,75645.58490916989,1519336126418.5637,811448907845.3577,-0.03684954451047506,0.018642550642895557,81142.27254272846,-0.06774135677139292
2026-09-16 00:00:00,75622.80385532479,1518911844626.017,877091188901.4371,-0.0003011551020783987,0.018681196413554747,81142.27254272846,-0.06802211121825796
2026-09-17 00:00:00,76353.2776230547,1533613075077.1038,703923282710.6586,0.009659437768631207,0.018709051141813437,81142.27254272846,-0.05901972879983042
2026-09-18 00:00:00,81124.11668162764,1629479775441.0432,780543643653.0527,0.062483749317558956,0.030505992013985534,81142.27254272846,-0.00022375342139036025
2026-09-19 00:00:00,81269.36146814807,1632418735786.547,556308728673.9545,0.0017904020710690638,0.0304848236240238,81269.36146814807,0.0
